id,full_name,username,email_id,phnumber,DOB,country,state,city,pincode,password,isAdmin,enabled2FA,createdAt,updatedAt
1,"Jyotishankar Panda",admin123,jyotishankarpanda55@gmail.com,9907958794,2009-11-20,France,HR,Huelsview,412591,$2b$10$qhDh.ICSZzlm5htW1xBowuDEekafrXNr67Tux5gzk0mWIb8MP8tfq,1,NULL,"2022-12-13 12:48:19","2022-12-13 12:48:19"
2,"Mr. Nick Weber",Frederick12,jyotishankarpanda55@gmail.com,8173761797,2020-12-28,Uganda,LR,"Lake Enos",705154,$2b$10$GBCtmkNJTFyOgmb8ph4bseH4RjCOjQXCOjT5adGq0YgzpTDokhkcO,NULL,NULL,"2022-12-13 12:48:21","2022-12-13 12:48:21"
3,"Hugh Cummerata",Korbin70,jyotishankarpanda55@gmail.com,9961442775,1979-1-18,"Cape Verde",LC,"East Eltashire",684015,$2b$10$wLc7XE.e27mPpUDRMFLe0.qYnohdM1Im0xT9paLJwR.21u761wtp2,NULL,NULL,"2022-12-13 12:48:22","2022-12-13 12:48:22"
4,"Douglas Nolan MD",Janiya.Nitzsche,jyotishankarpanda55@gmail.com,9787412362,1993-10-6,"Wallis and Futuna",FM,Koelpinside,357801,$2b$10$a2QHSxMA01vmFALpJ.b4QOTDMX3gg/73PKILHDNk8ZgrAu3jRahR6,NULL,NULL,"2022-12-13 12:48:22","2022-12-13 12:48:22"
5,"William Daniel V",Charlene_Botsford,jyotishankarpanda55@gmail.com,7364174383,1972-8-11,"Russian Federation",UG,"Port Meta",645529,$2b$10$WOVKxEdEyba4burEHD3nIuyc5eETCmiaFo6etqmQkz6HHc8Gzim8u,NULL,NULL,"2022-12-13 12:48:23","2022-12-13 12:48:23"
6,"Clint Murray",Natalia_Rodriguez28,Jordane6@yahoo.com,7733632814,2022-9-27,Jordan,KI,"Port Sam",165827,$2b$10$gbwfeQNeejcn79md5JPNSO4bN1cM2WXRuemTV0ZLFqvHxgfE3.rVq,NULL,NULL,"2022-12-13 12:48:24","2022-12-13 12:48:24"
7,"Colleen Kohler",Evalyn_Reichert30,Scotty.Stracke46@hotmail.com,9429049522,1964-9-6,"Pitcairn Islands",IM,"Port Eleanoraside",154799,$2b$10$VlhEo4daTkz1raQU/dLUIusPrHbis7jYKldIOh9b/biaEJh3/qyeq,NULL,NULL,"2022-12-13 12:48:25","2022-12-13 12:48:25"
8,"Olive Weissnat",Russell_Herzog3,Felicita_Kuhic39@hotmail.com,8270342612,2020-10-18,Myanmar,CF,Gaylordland,585736,$2b$10$dtdvxks6rqWEbJe2QoOyRuf79NLEHOpnFnlBsALSSTjBVkCsL8abe,NULL,NULL,"2022-12-13 12:48:26","2022-12-13 12:48:26"
9,"Loren Padberg",Cecile95,Shanon_Auer@gmail.com,7899762610,1963-10-7,Zimbabwe,PN,"Chapel Hill",271889,$2b$10$F0B8Q5J9VNIAyp9n8YXmMed.D0v0.zqvZQDh7Zk6ZH/qN9iExYdG6,NULL,NULL,"2022-12-13 12:48:26","2022-12-13 12:48:26"
10,"Linda Jerde",Enid_Aufderhar,Dariana12@yahoo.com,8259516095,2013-4-28,Congo,AW,"Port Catherine",356514,$2b$10$977BdJIU7BNv.xNJiRQfZeR8MUOhP3gQbXNh4OTvM7SYZXYl/VaNO,NULL,NULL,"2022-12-13 12:48:27","2022-12-13 12:48:27"
11,"Christian Zulauf",Santina.Fadel,Freida_Volkman56@yahoo.com,9348718803,1972-2-30,Mexico,CV,"East Nya",798347,$2b$10$qVxc0lpwXSkX9uYtrX5/1eOjub69p4ezh5Eu4SND4ttSJgKf9FSli,NULL,NULL,"2022-12-13 12:48:27","2022-12-13 12:48:27"
12,"Shawna Green",Larry_Bahringer,Audreanne44@gmail.com,8652945635,1950-5-20,"Cook Islands",CR,Vicentashire,470589,$2b$10$SpvkikjBFSC3h5ZRE0EmY.wcznNuANcr3Hjssdbp9xUwEYwRk7Z8.,NULL,NULL,"2022-12-13 12:48:28","2022-12-13 12:48:28"
13,"Mamie Leffler",Wiley_Weimann31,Lacey41@gmail.com,8346489142,1997-2-8,"Antarctica (the territory South of 60 deg S)",MY,"West Portertown",254303,$2b$10$HDi3JMnZh8sdLbZfTx/zBu/fe59Kfo2Z/iC20RMaxZ6ZScwFQEZV2,NULL,NULL,"2022-12-13 12:48:29","2022-12-13 12:48:29"
14,"Crystal Barrows",Sherman.Considine24,Zechariah26@hotmail.com,9971843521,1984-6-14,"Equatorial Guinea",NA,Boydborough,310661,$2b$10$wwwV3OYA8F78mDNRv2IoneylM/FyJpUQPM5U.rzkQkVAqWmuAfIUe,NULL,NULL,"2022-12-13 12:48:29","2022-12-13 12:48:29"
15,"Albert Lesch",Walter25,Morgan.Mayer63@hotmail.com,9803335422,1956-11-1,"Cape Verde",GI,"West Monserrate",304275,$2b$10$mzH/lQ2zNg5Bya7tgz9H5e5Fp/uUSuJv5023M6AwrUsRKIIqeI8qi,NULL,NULL,"2022-12-13 12:48:30","2022-12-13 12:48:30"
16,"Rachel Braun DDS",Pattie.Cormier31,Ludwig_Upton8@yahoo.com,8970329939,1979-10-15,"French Southern Territories",GP,Salina,412425,$2b$10$/fdWC7PNYoQj7XzTG7Y/ne24IooIGZLjREak7yRICvolNtvVVlwZu,NULL,NULL,"2022-12-13 12:48:31","2022-12-13 12:48:31"
17,"Clara Toy",Jaron84,Julie_Hyatt@gmail.com,7777863492,1960-3-16,"Western Sahara",SH,Binghamton,807734,$2b$10$sm0/QexWznwvAKhxz3TCROUY7Xg8nLeadNLC4Zd4zmJFx8Ip1PKGS,NULL,NULL,"2022-12-13 12:48:31","2022-12-13 12:48:31"
18,"Lana Kuhic",Ivah_Okuneva,Obie.Kuvalis98@hotmail.com,7078634044,1956-1-6,France,BD,Cristinaborough,444015,$2b$10$4LPkM7oVDe4GPTla6YFlOebK7RVGpSr4iFIhDVlxjDWmywsFnMbr.,NULL,NULL,"2022-12-13 12:48:32","2022-12-13 12:48:32"
19,"Jermaine Koss",Brenda_Lynch,Pablo.Harber@yahoo.com,9082647566,1955-6-3,Netherlands,AQ,Majortown,678011,$2b$10$clBRko7RPm4g/y2X5OoR6uaeFO4wJ6wl0.mO81EA6APe7j1LEb54W,NULL,NULL,"2022-12-13 12:48:32","2022-12-13 12:48:32"
20,"Dr. Marianne Hickle",Julio_Koss,Roy.Moore37@hotmail.com,8100788360,1995-2-2,"San Marino",PA,"New Brownmouth",601170,$2b$10$Uou3gC1Ld8gWZix3kYdToeBleGd59mkZbaMOF57V0it6LZ0cxmm2i,NULL,NULL,"2022-12-13 12:48:33","2022-12-13 12:48:33"
161,"Dawn Cruickshank",Adell.Grant24,Harmony.Dach@gmail.com,7197688017,2018-8-17,Gambia,CU,"Port Arch",198878,$2b$10$x0VScRQUx3jhAcvmunZqm.36l9gMMusO9JNUGv1.pwWKsa2lo9MrG,NULL,NULL,"2022-12-16 07:44:05","2022-12-16 07:44:05"
162,"Mr. June Walker",Stella_Sporer,Casimer_Kohler@hotmail.com,9767066593,1999-10-25,Japan,CR,"New Gunnarside",246565,$2b$10$kikJZkhodZC9L7YtNNblHelKmoJsHRLT5H5OnbE1NSlKueXB16Hjy,NULL,NULL,"2022-12-16 07:44:05","2022-12-16 07:44:05"
163,"Blake Lynch",Brielle70,Seth.DAmore78@hotmail.com,7706758064,1963-4-14,Venezuela,AS,"East Antonietta",538945,$2b$10$y.3eVmbNedTOlWRMkkttbeBTtpqAf0JBnQfK4sfGGt44x8Lrcxviy,NULL,NULL,"2022-12-16 07:44:05","2022-12-16 07:44:05"
164,"Holly Bahringer",Emma_Hickle26,Loy.Howe@yahoo.com,7129727784,2021-7-23,"Kyrgyz Republic",MY,"Lake Teresaburgh",736195,$2b$10$XxhCEhy2EEuAfoyWbpY42OtMTC28SRDbMGHVLiyPfn68/MLrbpXfu,NULL,NULL,"2022-12-16 07:44:05","2022-12-16 07:44:05"
165,"Ted Walter",Joe.Nader,Millie_Botsford@yahoo.com,8023218884,2021-2-27,Macedonia,MT,Smithland,652424,$2b$10$.nYoLt9l8NMBu2/uBuECX.ikYMAK/PmEEhlBO/Smwe2U7BHn7NAzW,NULL,NULL,"2022-12-16 07:44:05","2022-12-16 07:44:05"
166,"Claudia Braun Jr.",Trisha_Cole,Marcelino.Boyle@yahoo.com,7394523155,1959-8-8,"South Georgia and the South Sandwich Islands",MQ,Darrenport,265279,$2b$10$BPLmXbhZvRPJjr82uTbHiOuWjod/wVZ/ACUM70ECpA0rZrhwLsZ9W,NULL,NULL,"2022-12-16 13:24:37","2022-12-16 13:24:37"
167,"Lela Ankunding",Whitney63,Shane_Murray@yahoo.com,8021877860,1982-7-18,"Bosnia and Herzegovina",MM,"West Unique",616195,$2b$10$.FOswtgI7Aent1S80rDmX.33ntzt9qC//K3rXbuBapDN.kCwKcUy.,NULL,NULL,"2023-02-01 06:36:09","2023-02-01 06:36:09"
168,"Gwendolyn Quigley",Presley86,Stanton_Boyer0@gmail.com,8914799475,1970-5-12,Belize,KY,Fritschmouth,820905,$2b$10$t1X/jyB.CycsvLmkhuGllOlv9ITIiKxZWWYico3EXjW8rQTQvMWx6,NULL,NULL,"2023-02-01 13:23:21","2023-02-01 13:23:21"
169,"Donnie Hansen",Wilhelm95,Earnestine56@hotmail.com,8268439659,2006-7-14,Netherlands,LS,Alexaneshire,202267,$2b$10$uZg8t48sXSjPnO1nJk6T3u65BsbkdDFM2YAnv.q5QiNk0FBj6TndC,NULL,NULL,"2023-02-01 13:29:12","2023-02-01 13:29:12"
170,"Earnest Sauer",Mikayla.McKenzie,Zena42@gmail.com,7093744713,NULL,NULL,NULL,NULL,NULL,$2b$10$AxpXOTyGPY6sygrK68WH.eOWZqsfbRItJ14i/xpd7XQc7KtoXfrqm,NULL,NULL,"2023-02-02 08:42:55","2023-02-02 08:42:55"
171,"Ethel Wuckert",Rubye_Mitchell,Meagan24@yahoo.com,8641546831,NULL,NULL,NULL,NULL,NULL,$2b$10$jOEOjWAXOIOPrR69AgCCbuirteluD95mlm8Pnbwz61upQnoK1Qbua,NULL,NULL,"2023-02-02 08:43:39","2023-02-02 08:43:39"
172,"Margie Ziemann",Berenice31,Zena_Jacobs31@hotmail.com,9510984446,NULL,NULL,NULL,NULL,NULL,$2b$10$Pu/suwKKpM/7Z.OIvlz5D.zVUC8oVncZVvMH3.lLioRiVUxrIPHWy,NULL,NULL,"2023-02-02 08:43:53","2023-02-02 08:43:53"
173,"Carole Schoen",Duane.Rice,Marta.Beier63@gmail.com,9484243543,NULL,NULL,NULL,NULL,NULL,$2b$10$yFMjFRVrOPj96NQMqWjKMOaUM5W5fWzcLLgvLRIuGcCS7GwCOSAIK,NULL,NULL,"2023-02-02 08:44:13","2023-02-02 08:44:13"
174,"Jody Gaylord",Frieda.Hermann,Shawna_Dibbert@hotmail.com,7795334032,NULL,NULL,NULL,NULL,NULL,$2b$10$kT.neA4YAqaiXdeDt74Kl.aoMr9kEqAFzRmSQeD5V4xvi91tTt2vy,NULL,NULL,"2023-02-02 08:44:40","2023-02-02 08:44:40"
175,"Keith Mayert",Doyle.Abernathy98,Marian2@gmail.com,9682345553,1966-1-9,Luxembourg,GF,Kevonmouth,239683,$2b$10$UrI2ZMW.I0koeZW5xj8vyu/DDYIYHkoOvSnIFtrOR0QS.gHC6liLy,NULL,NULL,"2023-02-02 08:44:53","2023-02-02 08:44:53"
176,"react 01",reactjs01,react@gmail.com,9556443112,NULL,NULL,NULL,NULL,NULL,$2b$10$YMNAArRKKq2g4vC663OUwuGswaj1QLfciDeQtcELAO7/WAA/68krK,NULL,NULL,"2023-02-02 09:01:10","2023-02-02 09:01:10"
177,"react 01",reactjs01,react@gmail.com,9556443112,NULL,NULL,NULL,NULL,NULL,$2b$10$YgxliK6kfFylRzX.Zzo8WOw131ODBiYS7a80cZuBpYe66MgYZRdyu,NULL,NULL,"2023-02-02 09:11:42","2023-02-02 09:11:42"
178,"react 01",reactjs01,react@gmail.com,9556443112,NULL,NULL,NULL,NULL,NULL,$2b$10$m5RdBqnJuTUoJhdP.cucVuESXwyY6x9/lJvI1r4PJESXBqj0ITOhG,NULL,NULL,"2023-02-02 09:12:23","2023-02-02 09:12:23"
179,"react 02",reactjs02,react02@gmail.com,9556443112,NULL,NULL,NULL,NULL,NULL,$2b$10$/sF1qwFdQTqlHNWfeLctvO6NrUod/GhaALm3iJAj5LMKKI97IcyhK,NULL,NULL,"2023-02-02 09:17:47","2023-02-02 09:17:47"
180,indigo,indigo99,indigo@gmail.com,8523697410,NULL,NULL,NULL,NULL,NULL,$2b$10$l13.e/YZKf970PAIH31bduJRjGGoiUqGj2ixJ63fiS56MvbgqFjXC,NULL,NULL,"2023-02-02 12:08:30","2023-02-02 12:08:30"
181,aabbccss,Redirect,Redirect@gmail.com,9632589635,NULL,NULL,NULL,NULL,NULL,$2b$10$4thq.Q2mDy2TargRIpZQR.03kys66MJk0JHGTCbYdu55F2OJcz/72,NULL,NULL,"2023-02-02 12:22:56","2023-02-02 12:22:56"
182,"Kristen Lind",Courtney.Hansen1,Elmo_Haag8@yahoo.com,7332511532,1973-8-26,Aruba,VA,"North Deshaunfurt",693352,$2b$10$FRoc48gbWAgK7kLXfaCRsewklcrMRd3QeJf7cqG8u5TYs4Q5vwxnm,NULL,NULL,"2023-02-02 12:27:53","2023-02-02 12:27:53"
183,"Martha Bauch",Zane.Hills24,Madelyn48@hotmail.com,7042960824,1997-4-30,Lebanon,LI,Autumnmouth,679567,$2b$10$GnCtPtraoRGuffmpkqUl9uBoCbJ2nvGhL/EijkUPla0xYN40aPVgi,NULL,NULL,"2023-02-02 12:28:28","2023-02-02 12:28:28"
184,"Maggie Kub",Name_Grimes,Devin_Green@yahoo.com,9881052690,1961-6-26,Greece,NO,"West Alexys",267026,$2b$10$nic2w/lEB6d2zGKzaNic1OLCtoEapHlL47ajS9s49QqGcI62q.Q8m,NULL,NULL,"2023-02-02 12:28:38","2023-02-02 12:28:38"
185,"Ms. Pedro Tremblay",Nicholas62,Nikko.Hodkiewicz@hotmail.com,8921094975,2022-11-20,Maldives,JM,Roswell,330315,$2b$10$iiu2ihEtVoRSbOGUXhGltOcqHAcxfsKrar.KyozFKK2nRkSRfzVca,NULL,NULL,"2023-02-02 12:29:09","2023-02-02 12:29:09"
186,"Ms. Kyle Dibbert",Ima.Blick,Desiree_Crona@gmail.com,8060031592,1969-11-30,Kenya,NA,"New Madelynn",254202,$2b$10$TX8l2z6swASB/JGLS4C/zuDTxh3bylnSApz.joY2zXSYloYRz51xO,NULL,NULL,"2023-02-02 12:29:53","2023-02-02 12:29:53"
187,aabbccss,Redirect,Redirect@gmail.com,9632589635,NULL,NULL,NULL,NULL,NULL,$2b$10$8VTjkzMkez.foA76NB/nGu1MVjLY00zH0kJrwZeoqlYf2iGEJjbL6,NULL,NULL,"2023-02-02 12:30:21","2023-02-02 12:30:21"
188,gsgser,sergsregserg,sergsegtrser@gmail.com,4644546544,NULL,NULL,NULL,NULL,NULL,$2b$10$0VuPUm5zCRgIUn7738yhgONavARvr/M190AOu3qTt6l5VJc69gbAW,NULL,NULL,"2023-02-02 12:31:06","2023-02-02 12:31:06"
189,gsfdgsdfg,dgfdghd,fghdfghdfgh@gmail.com,9876543215,NULL,NULL,NULL,NULL,NULL,$2b$10$cpgMIFyzqGcwHRNNcDcx8.F1RIYEUjyw6qG85qHsqDwtovLXDVKbu,NULL,NULL,"2023-02-02 12:34:08","2023-02-02 12:34:08"
190,hyndhdtrh,drthdrthdrth,drthdrthdrt@gmail.com,9874563125,NULL,NULL,NULL,NULL,NULL,$2b$10$G/Mc5l3ORcuNi3uch3om1.ZkYiV63mE82hhFQU2VoP2mo1/eGtlDu,NULL,NULL,"2023-02-02 12:41:10","2023-02-02 12:41:10"
